-- directions
INSERT INTO directions(id,name) VALUES (1,'東日本');
INSERT INTO directions(id,name) VALUES (2,'西日本');
-- areas
INSERT INTO areas(id,name,direction) VALUES (1,'北海道',1);
INSERT INTO areas(id,name,direction) VALUES (2,'東北',1);
INSERT INTO areas(id,name,direction) VALUES (3,'関東',1);
INSERT INTO areas(id,name,direction) VALUES (4,'北陸',1);
INSERT INTO areas(id,name,direction) VALUES (5,'中部',1);
INSERT INTO areas(id,name,direction) VALUES (6,'近畿',2);
INSERT INTO areas(id,name,direction) VALUES (7,'中国',2);
INSERT INTO areas(id,name,direction) VALUES (8,'四国',2);
INSERT INTO areas(id,name,direction) VALUES (9,'九州',2);
-- prefectures
INSERT INTO prefectures(id,name,area) VALUES (1,'北海道',1);
INSERT INTO prefectures(id,name,area) VALUES (2,'青森県',2);
INSERT INTO prefectures(id,name,area) VALUES (3,'岩手県',2);
INSERT INTO prefectures(id,name,area) VALUES (4,'宮城県',2);
INSERT INTO prefectures(id,name,area) VALUES (5,'秋田県',2);
INSERT INTO prefectures(id,name,area) VALUES (6,'山形県',2);
INSERT INTO prefectures(id,name,area) VALUES (7,'福島県',2);
INSERT INTO prefectures(id,name,area) VALUES (8,'茨城県',3);
INSERT INTO prefectures(id,name,area) VALUES (9,'栃木県',3);
INSERT INTO prefectures(id,name,area) VALUES (10,'群馬県',3);
INSERT INTO prefectures(id,name,area) VALUES (11,'埼玉県',3);
INSERT INTO prefectures(id,name,area) VALUES (12,'千葉県',3);
INSERT INTO prefectures(id,name,area) VALUES (13,'東京都',3);
INSERT INTO prefectures(id,name,area) VALUES (14,'神奈川県',3);
INSERT INTO prefectures(id,name,area) VALUES (15,'新潟県',4);
INSERT INTO prefectures(id,name,area) VALUES (16,'富山県',4);
INSERT INTO prefectures(id,name,area) VALUES (17,'石川県',4);
INSERT INTO prefectures(id,name,area) VALUES (18,'福井県',4);
INSERT INTO prefectures(id,name,area) VALUES (19,'山梨県',5);
INSERT INTO prefectures(id,name,area) VALUES (20,'長野県',5);
INSERT INTO prefectures(id,name,area) VALUES (21,'岐阜県',5);
INSERT INTO prefectures(id,name,area) VALUES (22,'静岡県',5);
INSERT INTO prefectures(id,name,area) VALUES (23,'愛知県',5);
INSERT INTO prefectures(id,name,area) VALUES (24,'三重県',6);
INSERT INTO prefectures(id,name,area) VALUES (25,'滋賀県',6);
INSERT INTO prefectures(id,name,area) VALUES (26,'京都府',6);
INSERT INTO prefectures(id,name,area) VALUES (27,'大阪府',6);
INSERT INTO prefectures(id,name,area) VALUES (28,'兵庫県',6);
INSERT INTO prefectures(id,name,area) VALUES (29,'奈良県',6);
INSERT INTO prefectures(id,name,area) VALUES (30,'和歌山県',6);
INSERT INTO prefectures(id,name,area) VALUES (31,'鳥取県',7);
INSERT INTO prefectures(id,name,area) VALUES (32,'島根県',7);
INSERT INTO prefectures(id,name,area) VALUES (33,'岡山県',7);
INSERT INTO prefectures(id,name,area) VALUES (34,'広島県',7);
INSERT INTO prefectures(id,name,area) VALUES (35,'山口県',7);
INSERT INTO prefectures(id,name,area) VALUES (36,'徳島県',8);
INSERT INTO prefectures(id,name,area) VALUES (37,'香川県',8);
INSERT INTO prefectures(id,name,area) VALUES (38,'愛媛県',8);
INSERT INTO prefectures(id,name,area) VALUES (39,'高知県',8);
INSERT INTO prefectures(id,name,area) VALUES (40,'福岡県',9);
INSERT INTO prefectures(id,name,area) VALUES (41,'佐賀県',9);
INSERT INTO prefectures(id,name,area) VALUES (42,'長崎県',9);
INSERT INTO prefectures(id,name,area) VALUES (43,'熊本県',9);
INSERT INTO prefectures(id,name,area) VALUES (44,'大分県',9);
INSERT INTO prefectures(id,name,area) VALUES (45,'宮崎県',9);
INSERT INTO prefectures(id,name,area) VALUES (46,'鹿児島県',9);
INSERT INTO prefectures(id,name,area) VALUES (47,'沖縄県',9);
